configuracion,semilla,costo,inicial,mejora_pct,evaluaciones,generaciones,segundos,dispersion_final,exceso_pct,evaluaciones_95,auditorias,acierto
Referencia,20260927,472.3169616167031,773.5634900370012,38.94270248016602,49100,500,0.10786008299692185,0.10762980709700277,7.11190945259705,2256,1,False
Referencia,20260928,467.2342505970029,787.9122764549594,40.69971181319547,49100,500,0.10966112499954761,0.1261325638952336,5.959253658377124,2942,1,False
Referencia,20260929,504.34710161161394,798.8935163654421,36.869295934940624,49100,500,0.10853329100064002,0.13531881030210707,14.375695709913558,36752,1,False
Referencia,20260930,462.8331870901097,823.5663978869994,43.801351259887795,49100,500,0.1076513329971931,0.1131824240938793,4.961181697904027,9508,1,False
Referencia,20260931,458.981265895113,803.14589358195,42.8520684021551,49100,500,0.10625729199819034,0.10622279088948895,4.087644078495285,12350,1,False
Referencia,20260932,475.98786576432565,809.8589138131563,41.2258286417847,49100,500,0.10606912500225008,0.10220730736088432,7.944396076247881,2550,1,False
Referencia,20260933,493.9348308623928,817.5989827551871,39.58715198031365,49100,500,0.10763670799860847,0.10488806045138584,12.014403839579298,2942,1,False
Referencia,20260934,494.1348354421559,829.7900485184351,40.45061924707115,49100,500,0.10454308300177217,0.12064048398094031,12.059760822661937,3334,1,False
Referencia,20260935,494.9573354866976,828.1683304040434,40.23469416595297,49100,500,0.10475670799860382,0.14179773415006933,12.246287154458596,33812,1,False
Referencia,20260936,477.29088231320645,851.4416018184654,43.94320393861035,49100,500,0.11384583300241502,0.1021437105692491,8.239893807519746,7156,1,False
Referencia,20260937,470.0626566388736,862.9751538006724,45.52998952882398,49100,500,0.1428044169988425,0.09930561853620083,6.600678795460991,21072,1,False
Referencia,20260938,473.8872964881357,800.1551708744458,40.77557532119049,49100,500,0.10597320799934096,0.1042566575924103,7.46802955885663,19504,1,False
Referencia,20260939,490.2291883905117,850.0270049146847,42.3278101100194,49100,500,0.10562204099915107,0.10985893767903296,11.174039268395559,2354,1,False
Referencia,20260940,501.01305233449534,856.9380988837628,41.53451072053992,49100,500,0.10533474999829195,0.11942614407952568,13.619600940293507,8038,1,False
Referencia,20260941,475.5666178944708,770.0608247015471,38.24297995177375,49100,500,0.10462654100047075,0.11726324882554777,7.8488656012495985,6078,1,False
Referencia,20260942,466.63020595443453,776.6137510085935,39.91476389023259,49100,500,0.10442012500061537,0.10177766270190017,5.822268582002462,2746,1,False
Referencia,20260943,493.23395300334676,805.8634068089524,38.79434792101452,49100,500,0.10480062500209897,0.10737211075549474,11.855458953250203,2746,1,False
Referencia,20260944,477.1577160375448,817.0242852680317,41.59809877854376,49100,500,0.10444429200288141,0.1021031116525823,8.20969439648867,3334,1,False
Referencia,20260945,460.9695738670591,815.2091373504755,43.45382641744377,49100,500,0.10584150000067893,0.11108069170736827,4.538552008470926,12154,1,False
Referencia,20260946,460.40068759671624,792.2780209185603,41.88899913404998,49100,500,0.10439054200105602,0.1219672504300874,4.409540137990521,12448,1,False
Referencia,20260947,440.9565323132714,797.249924820594,44.690301173436886,49100,500,0.1044796669993957,0.0955254961864629,0.0,34890,1,True
Referencia,20260948,482.4130213107501,709.3139245658257,31.988784570098872,49100,500,0.10525158299788018,0.11534681718702379,9.401491067610833,40280,1,False
Referencia,20260949,498.94650510145505,788.7456177614833,36.74177150834752,49100,500,0.10557400000107009,0.12798450903522554,13.150949932404105,43024,1,False
Referencia,20260950,502.48465907161625,831.7986242145811,39.59058786060349,49100,500,0.10497654199934914,0.11368259034775419,13.953331507658232,5098,1,False
Referencia,20260951,465.15613667339915,836.7851397646455,44.411520404840225,49100,500,0.10583616700023413,0.11495990981151813,5.487979559612348,15976,1,False
Referencia,20260952,483.0610683509882,808.3092633264006,40.238088282810516,49100,500,0.10471987499840907,0.11259587338592811,9.548454995515119,8136,1,False
Referencia,20260953,458.71031816601726,803.8488388514943,42.93574911156139,49100,500,0.10391783399973065,0.12581722309787202,4.026198627698962,6078,1,False
Referencia,20260954,487.1282290650252,887.7314488883426,45.12662250785086,49100,500,0.10864958299862337,0.11954454866225339,10.470804573306962,3236,1,False
Referencia,20260955,457.2078986507474,855.3988644633723,46.55032667858717,49100,500,0.1073384579976846,0.1617957237822878,3.685480347058433,22934,1,False
Referencia,20260956,521.2596841866459,767.9676099125024,32.12478267852532,49100,500,0.10609399999884772,0.11560862224462143,18.2111264917886,8234,1,False
Variante,20260927,469.6450512453844,773.5634900370012,39.28810533406634,49100,490,0.18474308299846598,0.009589603630369257,6.505974360241855,6700,1,False
Variante,20260928,481.8665607111521,787.9122764549594,38.84261292650417,49100,490,0.18503412499921978,0.011472432235187817,9.277564884517174,23600,1,False
Variante,20260929,467.5180891335047,798.8935163654421,41.47929861034879,49100,490,0.18480929200086393,0.008371677444371714,6.023622482898841,15600,1,False
Variante,20260930,516.6864606760943,823.5663978869994,37.26231886078137,49100,490,0.18575295800110325,0.008426775939818667,17.174012133472967,41800,1,False
Variante,20260931,538.6766325825753,803.14589358195,32.92916805188013,49100,490,0.18613120800000615,0.01211276850726825,22.160937214527983,3700,1,False
Variante,20260932,480.6535930568972,809.8589138131563,40.649712578481356,49100,490,0.1855499580015021,0.007713941321016915,9.002488416573355,10500,1,False
Variante,20260933,475.22308252514006,817.5989827551871,41.8757737535694,49100,490,0.1843418330026907,0.01548186190330807,7.770958745549203,29100,1,False
Variante,20260934,503.3777116696811,829.7900485184351,39.33673794130856,49100,490,0.18534612499934155,0.014107791949661703,14.155857727959331,7300,1,False
Variante,20260935,485.736062925046,828.1683304040434,41.348148064528495,49100,490,0.18562424999981886,0.01383262795700573,10.155089522511393,4800,1,False
Variante,20260936,487.74601631501577,851.4416018184654,42.71527075100479,49100,490,0.1834625830015284,0.012303320019838918,10.610906194378233,8100,1,False
Variante,20260937,511.23393254442647,862.9751538006724,40.75913654143166,49100,490,0.1848837499965157,0.008285939749478739,15.937489317252584,32200,1,False
Variante,20260938,510.0056680523159,800.1551708744458,36.26165441198629,49100,490,0.1876097500025935,0.012342151066857645,15.65894383666586,12900,1,False
Variante,20260939,494.3194125467007,850.0270049146847,41.84662255567817,49100,490,0.18595112500042887,0.013464616646959922,12.101619167196818,11600,1,False
Variante,20260940,489.79825933773674,856.9380988837628,42.84321586638031,49100,490,0.1871900829974038,0.007735494210795903,11.076313297421892,5300,1,False
Variante,20260941,495.8917902869478,770.0608247015471,35.60355566988609,49100,490,0.18673779099844978,0.018198123913744497,12.458202554679115,5800,1,False
Variante,20260942,499.688350387615,776.6137510085935,35.65806042725017,49100,490,0.18617133299994748,0.008801414526583414,13.319185400482606,20100,1,False
Variante,20260943,506.61475374253655,805.8634068089524,37.13391755202992,49100,490,0.1844464589994459,0.013200659742289584,14.889953230723249,6900,1,False
Variante,20260944,474.3190201458146,817.0242852680317,41.94554204833578,49100,490,0.18456587500259047,0.007950028899919507,7.565935730109851,10300,1,False
Variante,20260945,517.3912003942255,815.2091373504755,36.53270348811263,49100,490,0.18402858300032676,0.008075053227398977,17.333832811133448,18200,1,False
Variante,20260946,504.04577563886494,792.2780209185603,36.38018948771561,49100,490,0.18405949999942095,0.011475717812170185,14.30736108945375,6000,1,False
Variante,20260947,492.0667939921068,797.249924820594,38.27948066563479,49100,490,0.1849822910007788,0.011166215897033628,11.590770956654028,8300,1,False
Variante,20260948,515.399676830558,709.3139245658257,27.33828295475287,49100,490,0.1841220410024107,0.006920093700687453,16.88219565015979,45700,1,False
Variante,20260949,471.67103619476916,788.7456177614833,40.19985334011675,49100,490,0.1852414580025652,0.009606626781707083,6.965426664702877,8900,1,False
Variante,20260950,494.1561036978228,831.7986242145811,40.59185849646895,49100,490,0.18554841700097313,0.005004683719774137,12.064584031778558,13600,1,False
Variante,20260951,512.3881805536337,836.7851397646455,38.76705545969086,49100,490,0.18459833299857564,0.00828433866328579,16.19924936039153,14200,1,False
Variante,20260952,498.55691454913267,808.3092633264006,38.32101929681683,49100,490,0.18676050000067335,0.012999475693196162,13.062598695088587,29800,1,False
Variante,20260953,486.8721874256787,803.8488388514943,39.43237037932388,49100,490,0.1852900839985523,0.01296036111247872,10.412739521406428,43400,1,False
Variante,20260954,513.948820983699,887.7314488883426,42.10537188613866,49100,490,0.18535520799923688,0.008756999605826368,16.553170963928757,6200,1,False
Variante,20260955,488.2054792690156,855.3988644633723,42.92656916545156,49100,490,0.18524358400100027,0.008517741250942531,10.715103075551413,12900,1,False
Variante,20260956,538.3324085209641,767.9676099125024,29.90167793895651,49100,490,0.1851427080000576,0.008211447097044055,22.082874177383406,7500,1,False
