metodo,repeticion,rutas_distintas,hamming_media,dispersion_claves
M01 uniforme,0,100,18.017373737373738,0.28194425494408343
M01 uniforme,1,100,18.004040404040403,0.28839242303663526
M01 uniforme,2,100,17.99010101010101,0.28508376194465235
M01 uniforme,3,100,17.97313131313131,0.2874612524272585
M01 uniforme,4,100,18.014747474747473,0.2884668641294423
M01 uniforme,5,100,18.012727272727272,0.28928237064279894
M01 uniforme,6,100,18.02080808080808,0.2882059300698385
M01 uniforme,7,100,17.997171717171717,0.2863485623507568
M01 uniforme,8,100,18.024646464646466,0.2832987674375311
M01 uniforme,9,100,18.003636363636364,0.2872764278924454
M03 hipercubo latino,0,100,18.003434343434343,0.28868593660884984
M03 hipercubo latino,1,100,18.00888888888889,0.28870225173711345
M03 hipercubo latino,2,100,18.018383838383837,0.28860661196345555
M03 hipercubo latino,3,100,17.98,0.2886113337977875
M03 hipercubo latino,4,100,17.996969696969696,0.28875747775390365
M03 hipercubo latino,5,100,18.01212121212121,0.2887022917017879
M03 hipercubo latino,6,100,17.990303030303032,0.28868357402698736
M03 hipercubo latino,7,100,18.021010101010102,0.28867741193650975
M03 hipercubo latino,8,100,18.023636363636363,0.2887121423841124
M03 hipercubo latino,9,100,17.994747474747474,0.288740663509074
